{"None-0-4": [[0, 0.05604331119457881, 0.030382781810225388], [1, 0.028242082741856574, 0.023428997078452248], [2, 0.0243340679615736, 0.021393788097717893], [3, 0.0226640768840909, 0.019989363706340423], [4, 0.0218119909748435, 0.01941895799134105], [5, 0.02126165221631527, 0.018991368679930797], [6, 0.02081799977173408, 0.018800082690894795], [7, 0.020517425799369812, 0.018316464718823998], [8, 0.020304875159760316, 0.018725308268286358], [9, 0.020037354500591756, 0.018026420019400385], [10, 0.019872559195756912, 0.017818975705689136], [11, 0.01972266055693229, 0.017774215241828664], [12, 0.01957548192689816, 0.017673649518682173], [13, 0.019451990005373954, 0.017778257160974198], [14, 0.019335833091537157, 0.017398875581618314]], "0.75-0-4": [[0, 0.05684746292233467, 0.031188338161847844], [1, 0.029073977490266165, 0.024373681358874036], [2, 0.02515010124941667, 0.02232390570754822], [3, 0.023434293964505196, 0.020790976263915958], [4, 0.022377256552378336, 0.02007211544536078], [5, 0.021785839628179867, 0.019290199351553527], [6, 0.02128285694171985, 0.018889070083848394], [7, 0.020952971608936787, 0.018805284282198537], [8, 0.020661503557860852, 0.018683287202002713], [9, 0.020443341222405435, 0.018480585891003615], [10, 0.02021871208101511, 0.01836344748199843], [11, 0.020080641122659046, 0.018197959708496213], [12, 0.019936159271001817, 0.017810854748391305], [13, 0.0198141660168767, 0.018131476639511104], [14, 0.019682181836664675, 0.017752385555436245]], "0.75-1-4": [[0, 0.05648077520728111, 0.030916207794326182], [1, 0.029005479750037193, 0.024659635487217873], [2, 0.02488508458038171, 0.021613300519105726], [3, 0.023172969469428064, 0.020470268372743846], [4, 0.0223537222708265, 0.02011368526949193], [5, 0.021656477249662083, 0.019301739307090688], [6, 0.021210901787877084, 0.019118526596397446], [7, 0.020936643402775127, 0.01902650559719759], [8, 0.020761221101880074, 0.018468149800817617], [9, 0.02048335757305225, 0.018448367949944144], [10, 0.02039023086378972, 0.01851159949212695], [11, 0.020201449871063232, 0.01826711318875178], [12, 0.020051261317233244, 0.018116845070911103], [13, 0.019960628282527128, 0.017787314856204745], [14, 0.019818802448113758, 0.01784684278439885]], "0.75-2-4": [[0, 0.05604444456100464, 0.03081221202501474], [1, 0.02885569510757923, 0.024349351493885722], [2, 0.025292808666825293, 0.022203340465887286], [3, 0.02368680812716484, 0.020783351049922145], [4, 0.022702782809734343, 0.020934329145013714], [5, 0.021997399681806563, 0.0196663472896662], [6, 0.02158360800196727, 0.01926821723175696], [7, 0.021273809857169788, 0.019150113065045674], [8, 0.020909743949770927, 0.018831565223348598], [9, 0.02073338311711947, 0.018580053382502577], [10, 0.020578231904407343, 0.018424010588623845], [11, 0.020370894136528175, 0.018773807584644316], [12, 0.020259707187116147, 0.018381856816311996], [13, 0.020113450047870476, 0.01808085609763004], [14, 0.019986898347735406, 0.017961780442454563]], "0.75-3-4": [[0, 0.05618267685274283, 0.030310271307826042], [1, 0.028522874960303306, 0.0238662430951104], [2, 0.024461417369047802, 0.021570949806287265], [3, 0.023032582328716914, 0.020427494289014286], [4, 0.022253606778383256, 0.01980556486644589], [5, 0.02170544526129961, 0.01963043078696861], [6, 0.021331119934717813, 0.01931400918743957], [7, 0.020967662361760935, 0.01902383933075891], [8, 0.020767340188721815, 0.01870004054063711], [9, 0.020474667615691822, 0.018428373052336917], [10, 0.020297083966434003, 0.018523414553806614], [11, 0.020188273452222346, 0.01809670617536139], [12, 0.02004709684153398, 0.01797504196116052], [13, 0.01991800208687782, 0.01796991764880217], [14, 0.019824848167101543, 0.017918697341133993]], "0.75-4-4": [[0, 0.055500776688257855, 0.03078939116443879], [1, 0.028955325040221216, 0.024341235913264866], [2, 0.025067939247687656, 0.022340227150545715], [3, 0.023411115032434465, 0.021321940351836977], [4, 0.022424096946914992, 0.02002974126202325], [5, 0.021766708914438885, 0.019651935453684377], [6, 0.02123553788512945, 0.018840913137141316], [7, 0.020880097402632237, 0.01850725893978589], [8, 0.020635157415270805, 0.018327692746759033], [9, 0.02031651212175687, 0.018063602972025878], [10, 0.020155185079574586, 0.01809499195565621], [11, 0.02002553338011106, 0.0179036490785809], [12, 0.01987216950158278, 0.01781374835275328], [13, 0.019760212808847426, 0.017806468695140305], [14, 0.019695399724443754, 0.01760349120980444]], "0.75-5-4": [[0, 0.05725818473696709, 0.031627686384815376], [1, 0.029252773667375248, 0.024153801276327703], [2, 0.02498605692485968, 0.021561077739388798], [3, 0.02317397396961848, 0.020351440000077024], [4, 0.022089408687750497, 0.02030984823481915], [5, 0.02158380969266097, 0.019240223885939333], [6, 0.021172855397065482, 0.018687391246017367], [7, 0.02081932483712832, 0.018857803719397933], [8, 0.020615994619826477, 0.018497664445695786], [9, 0.02034046628177166, 0.01845480325503852], [10, 0.020163750726977982, 0.018079575856391805], [11, 0.02002612142264843, 0.018247985138227573], [12, 0.019932892522215844, 0.01773406752941612], [13, 0.019824958885709443, 0.01772565160470363], [14, 0.019740343980987868, 0.01773032890900541]], "0.5-0-4": [[0, 0.060067629513144497, 0.03429532464676962], [1, 0.03248605964481831, 0.05831797520954388], [2, 0.02868645780781905, 0.1340343987884613], [3, 0.027623188414176304, 0.14155935995971053], [4, 0.026691360755761465, 0.08916768453086908], [5, 0.026243352247277897, 0.09104769455548674], [6, 0.025871292239427565, 0.19274035177101342], [7, 0.025687749114632605, 0.09773698751442729], [8, 0.02542850070397059, 0.08124998854562497], [9, 0.02530601841012637, 0.06380074343885096], [10, 0.025123681194583573, 0.07442278507799387], [11, 0.02495680477718512, 0.12111030521389014], [12, 0.024933365872502326, 0.08435087677198477], [13, 0.024783247026801108, 0.18308700454501678], [14, 0.02470919001499812, 0.09635630009559015]], "0.5-1-4": [[0, 0.061679512498776116, 0.03748179381243147], [1, 0.033764828979969026, 0.0841410102697607], [2, 0.029758709724744162, 0.12648333078280044], [3, 0.028416054542859396, 0.0865549564171142], [4, 0.027573545624812443, 0.04806849072440364], [5, 0.027002244983116784, 0.13096185418934866], [6, 0.026593629038333892, 0.1438164229686268], [7, 0.026309851716955504, 0.09826370278676859], [8, 0.02599845750629902, 0.09288967515047365], [9, 0.02589268331229687, 0.08565666364690366], [10, 0.025703088451425233, 0.054631815027124206], [11, 0.02549007810552915, 0.10510529825291313], [12, 0.025286533749103546, 0.25148767370956776], [13, 0.02513352283438047, 0.13775939392015196], [14, 0.02502953587770462, 0.12385532202812048]], "0.5-2-4": [[0, 0.058421812918782234, 0.03252827389219318], [1, 0.031112204445401827, 0.02739535197139548], [2, 0.027595614991585412, 0.024380121939479353], [3, 0.025899709471066793, 0.022995469913172265], [4, 0.024644182733694713, 0.022157458647990378], [5, 0.0238864908238252, 0.021542900607894405], [6, 0.023415231118599573, 0.021477123157094463], [7, 0.023085885281364123, 0.021310839427117343], [8, 0.022795746457576753, 0.02110896516627016], [9, 0.022540081278483073, 0.021344567907932467], [10, 0.02238426237901052, 0.0210835803121614], [11, 0.02221002113421758, 0.020198022539075763], [12, 0.02207900193830331, 0.020649015763625742], [13, 0.021917071148753166, 0.02005834295488775], [14, 0.021807795827587444, 0.02038343255809797]],