{"unpruned": [[0, 0.05559517364402612, 0.03032807608881888], [1, 0.02841386018594106, 0.023600217413169127], [2, 0.024438820059100787, 0.021463479245670686], [3, 0.022811966813604038, 0.019907023287571657], [4, 0.02185722580353419, 0.01939627823357384], [5, 0.021258616844316323, 0.018951086345286416], [6, 0.02081182367503643, 0.018554693400359954], [7, 0.020388703714311122, 0.018390075416682056], [8, 0.020092829988400143, 0.018107261883612637], [9, 0.019856228712697824, 0.017923785555072295], [10, 0.019676396907369297, 0.017593951946416032], [11, 0.019512697498500348, 0.01752895879419372], [12, 0.019366524071991444, 0.01737674885390761], [13, 0.019243616310755413, 0.017448191724408167], [14, 0.019184941864510377, 0.01722747907518579]], "pruned": [[0, 0.05919971865216891, 0.03196220289761076], [1, 0.03026216503381729, 0.025219307135278805], [2, 0.026330686422189078, 0.023074757105435807], [3, 0.02450266652504603, 0.022085520792931034], [4, 0.02347932128806909, 0.020965981448944005], [5, 0.022808305407563845, 0.020446270799484495], [6, 0.02245713700701793, 0.020715088622210123], [7, 0.0221431872934103, 0.019763406282796648], [8, 0.02187958245476087, 0.01940342660743398], [9, 0.021644462626675763, 0.019496536968400875], [10, 0.02146132844487826, 0.019200442367777848], [11, 0.02126974894454082, 0.019083505541014786], [12, 0.02111877471655607, 0.019012530194446684], [13, 0.02092849260419607, 0.018708349601291238], [14, 0.02089272714157899, 0.019171020141043982]], "pruned_reset": [[0, 0.04331173417170842, 0.02968278375510781], [1, 0.02943277963002523, 0.02581908923392288], [2, 0.026783781672517458, 0.023903806595661388], [3, 0.025477719861268996, 0.023374363637199035], [4, 0.024505279875795045, 0.022295869351290284], [5, 0.023786329648892084, 0.021744071907652453], [6, 0.023262677504618964, 0.021078153379475727], [7, 0.022846793068448702, 0.020910941254787933], [8, 0.022514830912152926, 0.020593607875580986], [9, 0.022179387080669404, 0.020175441409261842], [10, 0.021918945025404295, 0.020002922459770315], [11, 0.021691302257279554, 0.019817558884882507], [12, 0.02151383552749952, 0.019751076345531325], [13, 0.021425284346938134, 0.01950413658738898], [14, 0.021272043449183306, 0.01968351069290322]]}