{"original_ticket": {"0": [[0.035964741545915606, 0.035846916044751806, 0.03600001707275709], [0.02773050064691149, 0.027731398013405524, 0.028011214797393963]], "1": [[0.028043721971909207, 0.02799190119802952, 0.028141991552710532], [0.024420736113581032, 0.024298235238455354, 0.024471445461384023]], "2": [[0.0259962985654672, 0.025889798540870347, 0.026002809286117555], [0.023261860846140132, 0.02287443756414488, 0.023039182957511742]], "3": [[0.02492335014641285, 0.024905158784985542, 0.024902039563655852], [0.02253442674803848, 0.022727168876284988, 0.02242309214493718]], "4": [[0.024232298548022908, 0.024190782323479654, 0.02426632530291875], [0.02175808479539312, 0.021667862078918815, 0.021582706905782414]], "5": [[0.02371563173830509, 0.02374409848153591, 0.023731606428821883], [0.021192796766377104, 0.02135940180561794, 0.02155878960776824]], "6": [[0.023400566494464873, 0.02333705404897531, 0.023410499436656636], [0.021147547081446113, 0.02080335645094371, 0.0210749036498582]], "7": [[0.023147040126721065, 0.023065038282672565, 0.023138073198994], [0.02077734048445575, 0.020665478725997975, 0.020895359061729794]], "8": [[0.022858450722694396, 0.022799366024136545, 0.022939679790536564], [0.02051688092478072, 0.020655997207584664, 0.020530963840242774]], "9": [[0.02277391216158867, 0.02264064026971658, 0.02270519531965256], [0.020383807970359682, 0.0202190590004761, 0.02054754840418363]], "10": [[0.022529630717635155, 0.022447346562643845, 0.02246440289566914], [0.020115976677106594, 0.020276845673831125, 0.020271469633609724]], "11": [[0.02241269977092743, 0.022357723729809126, 0.022329499448339143], [0.02043902419340877, 0.02006651759861757, 0.02021202813393582]], "12": [[0.022294779218236607, 0.022178466592232386, 0.02220676995118459], [0.020305420489261705, 0.02031076254959876, 0.020227450457886577]], "13": [[0.022181087931990622, 0.02211390252659718, 0.022085448210934798], [0.019847398025754352, 0.020043393495840767, 0.020213607543954452]], "14": [[0.02203712808986505, 0.021966855878631272, 0.02203001740624507], [0.019924052023944764, 0.02029347204314634, 0.020390984932549844]], "15": [[0.022019626769423484, 0.02184201589723428, 0.02190427255779505], [0.020023827655270648, 0.019938845752765194, 0.01968536048699111]], "16": [[0.021885117144385974, 0.021736125784615676, 0.021840078094104924], [0.019651795276247275, 0.01967345419140479, 0.019774671283940348]], "17": [[0.02177177960673968, 0.021678401991228263, 0.02171570806155602], [0.019926458891754904, 0.01940845870993103, 0.01982346978098059]], "18": [[0.021725277970731257, 0.021560924128691355, 0.02165338036020597], [0.01972123794555188, 0.01942882026001192, 0.01947057897897479]], "19": [[0.02158867738644282, 0.02153303837776184, 0.021573518837988376], [0.019458909667790316, 0.019583632244160192, 0.019516353903058618]]}, "random_ticket": {"0": [[0.03693247571587563, 0.037275395103295646, 0.037104172745347025], [0.02817286002321746, 0.028383682252833258, 0.028745174247283525]], "1": [[0.028204171945651373, 0.02846081765294075, 0.028873743597666424], [0.02503569914510075, 0.024498715526617754, 0.0251395801861827]], "2": [[0.02606446318626404, 0.02592899014453093, 0.026530660498142244], [0.023684356932918104, 0.023659321547935184, 0.024159906104730722]], "3": [[0.024989283876617748, 0.024730388408899306, 0.02531153500477473], [0.02241991495433897, 0.022150074717954705, 0.02283541041131789]], "4": [[0.0243020026187102, 0.024029322441418966, 0.024700534426172576], [0.021990202349452925, 0.02173984655366538, 0.022265928193403128]], "5": [[0.023851735445857048, 0.023499311046799025, 0.0241263688147068], [0.021526526058681855, 0.021148879717761717, 0.02161580389633346]], "6": [[0.02348088988363743, 0.02313367475171884, 0.023674017228682835], [0.021079139977384108, 0.02095732460030542, 0.021421489981226265]], "7": [[0.023196793257196743, 0.022858031090100605, 0.023332213150461516], [0.020795763003083462, 0.020489584895582814, 0.02085401383213723]], "8": [[0.02291311872502168, 0.0226457251171271, 0.023073991813262303], [0.020597222966317552, 0.02026160048267331, 0.021004261080020913]], "9": [[0.022700282004475592, 0.02238930524190267, 0.022895663111408553], [0.02057535551226558, 0.020229981539729304, 0.020742773679427257]], "10": [[0.02255128991405169, 0.02228313585817814, 0.022623809876044593], [0.02019932397757285, 0.019957718826211487, 0.020461093821821694]], "11": [[0.022414399920900663, 0.0220590002566576, 0.022443688681721686], [0.02007103561997985, 0.019822320395027297, 0.02057551314679388]], "12": [[0.02229627803663413, 0.021966070275505383, 0.02235191748738289], [0.02020886141997271, 0.019828605102583434, 0.020276410377230318]], "13": [[0.02216476796666781, 0.02175385348846515, 0.022240420589844385], [0.020048467132944267, 0.01969738659886316, 0.020098697522077887]], "14": [[0.022017890499035516, 0.021675089136262735, 0.02207112245062987], [0.019692042961526223, 0.019682926616777247, 0.020251377256581198]], "15": [[0.021962789733707903, 0.02156896608620882, 0.021971780235568682], [0.01979963489162465, 0.01983257281049467, 0.0204651268740622]], "16": [[0.02187236723701159, 0.021521833716829617, 0.021855435695747535], [0.01975678630506459, 0.01931867350083285, 0.019969746988183393]], "17": [[0.021775546262661614, 0.021408976551393667, 0.021769535348316035], [0.019975476642362416, 0.01933604533584735, 0.019781114357990768]], "18": [[0.0217429278810819, 0.021302846581240494, 0.021645368098219236], [0.01960309688299418, 0.019379305688979716, 0.019835538257615633]], "19": [[0.021597234379251797, 0.0212120147973299, 0.021593471218148867], [0.019401741594956896, 0.019278041081140024, 0.01965132365211511]]}}