{"original_ticket": {"0": [[0.03265669421851635, 0.03274654507537683, 0.032665534404913585], [0.0261990165772339, 0.026110173628543513, 0.02605519881739784]], "1": [[0.026310174069801965, 0.02645552532672882, 0.026302478145559628], [0.022635600365960178, 0.022882656572154537, 0.02297392964791566]], "2": [[0.024086125605305035, 0.024180697191754977, 0.023992505679527917], [0.021443607612920645, 0.021095820931723703, 0.021029165758492466]], "3": [[0.02288274033665657, 0.022928223381439846, 0.0229251428236564], [0.020362279339196585, 0.020380356459143444, 0.02044911657611783]], "4": [[0.02218991129299005, 0.022194138238827387, 0.022183656001091002], [0.019781103768287758, 0.020046807938633254, 0.019913676885156016]], "5": [[0.02169833525021871, 0.021693710874021055, 0.02172564863562584], [0.019637691053433923, 0.01916288471997927, 0.019351896044378654]], "6": [[0.02131115606725216, 0.021267998395363488, 0.021400546143452326], [0.019101948060761816, 0.019149519282931717, 0.019416334690710607]], "7": [[0.02103314824750026, 0.02106631658623616, 0.021078269367913405], [0.018860343474740037, 0.01877434483875101, 0.018807024986575396]], "8": [[0.020811857767403127, 0.020765942663451036, 0.020836551830669243], [0.018585392532828517, 0.01843617744029711, 0.019006877468107416]], "9": [[0.02054810554087162, 0.020537401859462262, 0.020582676961521308], [0.01874471016335316, 0.01842792131923163, 0.01904834966999464]], "10": [[0.020377964999278388, 0.020372848419845106, 0.020453557395438353], [0.018220951572393836, 0.01851294300974177, 0.01838370072789276]], "11": [[0.020247530176738898, 0.020179801553487777, 0.020265344216426215], [0.01819574103330652, 0.018211125140301525, 0.01830984626750881]], "12": [[0.020021227484941482, 0.020082339219748974, 0.020062560964624086], [0.01792291195664448, 0.01808755229503964, 0.018188805834125406]], "13": [[0.019904163917402427, 0.019928019080062708, 0.019967274450759093], [0.01794821170334237, 0.017973759211599827, 0.017895662570937564]], "14": [[0.01983726601799329, 0.019774765237172445, 0.019793348717192807], [0.017757745730443694, 0.017751883867140206, 0.01780118159771251]], "15": [[0.019706579355398813, 0.01966360335747401, 0.01971880730688572], [0.01760691050856639, 0.01781041260820608, 0.017643369142168436]], "16": [[0.01954850668758154, 0.01956817959398031, 0.019638645305732887], [0.017603730336545755, 0.01770038949176907, 0.017662137788467515]], "17": [[0.01950644189119339, 0.019534240251779557, 0.019505252573887508], [0.017505672364570082, 0.017674820777326346, 0.017760605337068486]], "18": [[0.019438544816275438, 0.01943422307819128, 0.01944578803628683], [0.017425118573605063, 0.01775019502523132, 0.017505483243602533]], "19": [[0.019375022752583026, 0.01936250885675351, 0.01936402222116788], [0.017465573679001187, 0.01742402718256647, 0.01743925094735413]]}, "random_ticket": {"0": [[0.03282751380105813, 0.0328923140356938, 0.03276841740210851], [0.026208145026200877, 0.02649669323604518, 0.026073423740915216]], "1": [[0.026488117762406668, 0.026349943685531615, 0.026389961075782776], [0.02312524507816036, 0.022950269162845306, 0.022984629669509374]], "2": [[0.024149493519465128, 0.02401828548113505, 0.024076133661468824], [0.0211685243220375, 0.021176991055901057, 0.02166737128084841]], "3": [[0.023001033132274945, 0.022866554980476697, 0.02295574205716451], [0.02036325553188118, 0.020734791033945908, 0.020372742543014855]], "4": [[0.02232050347427527, 0.022233894979953765, 0.02224478151301543], [0.019867859629039374, 0.019898015461243188, 0.01987355266409084]], "5": [[0.02179036762515704, 0.021732807675997418, 0.021710590930779775], [0.019397605365267197, 0.01940232751885066, 0.019821955313602577]], "6": [[0.021394693154096603, 0.021349468397100765, 0.021405355649689834], [0.019111277788472825, 0.019102275448913773, 0.019142852658733202]], "7": [[0.021174712243179482, 0.021041112595796586, 0.02105870432406664], [0.018984055985657933, 0.018930628604163377, 0.018974442903797465]], "8": [[0.020877847248812517, 0.020843418848514556, 0.020818584951261678], [0.01892798188954782, 0.01866915591727621, 0.01874847034403025]], "9": [[0.020665688197811446, 0.02062518114000559, 0.020559288640320302], [0.01862734688606601, 0.018621735786572814, 0.018607314179142635]], "10": [[0.02043623639345169, 0.020426176896691323, 0.020363091708223025], [0.01827980996297, 0.018856677268378842, 0.018315670026924472]], "11": [[0.02031773105611404, 0.020235675747692587, 0.020182926009098687], [0.018124831391099733, 0.01812868265393443, 0.018293734654760398]], "12": [[0.02015738410502672, 0.020089061022301517, 0.020076027709742386], [0.018088825210667077, 0.0181500758267582, 0.01807807942334646]], "13": [[0.020044654570519925, 0.019907148367663226, 0.020014015066126982], [0.017910363182377893, 0.017803756618342652, 0.018190139505905083]], "14": [[0.019884737120568752, 0.019872090405225754, 0.01990398055613041], [0.017872906048981528, 0.01809150413178598, 0.01793718107413655]], "15": [[0.019847899760802586, 0.019772677744428317, 0.01976211461921533], [0.017798074562780965, 0.01776376806389981, 0.01770223365626491]], "16": [[0.019690786011020343, 0.019684147084752718, 0.019646221890548866], [0.01774626739989645, 0.017910052513400207, 0.017737197326704528]], "17": [[0.01960767331570387, 0.019579212534427643, 0.019609551901121933], [0.017520126907494122, 0.017628019848189794, 0.017607912328986886]], "18": [[0.01954328110665083, 0.019509291378657024, 0.019538053637742997], [0.017401621456796558, 0.017592468664954647, 0.017591591552495005]], "19": [[0.019464314753810566, 0.01942060369849205, 0.019431615163882573], [0.017607244853370677, 0.01757756607850996, 0.01748899586748677]]}}