{"original_ticket": {"0": [[0.07534033267299334, 0.07140501804351806, 0.07255935790141424, 0.08719004367788633, 0.07788856537739436], [0.03931947915365521, 0.03812808104859183, 0.038476227279812, 0.04381970504221444, 0.03952920518387049]], "1": [[0.03389078014095624, 0.03368645118971666, 0.033883724106351536, 0.03441552549600601, 0.03431570079624653], [0.027304808957317767, 0.027728984822718482, 0.027717413095096812, 0.026500269490927934, 0.027736839746086362]], "2": [[0.027091675186157228, 0.027461610319217046, 0.027296343170603116, 0.026880211126804353, 0.027429644179344178], [0.02345182859716705, 0.02419636806788536, 0.023569923959458217, 0.02332591423139976, 0.02348793774081495]], "3": [[0.02435643013815085, 0.02493149963617325, 0.024589817307392757, 0.02475910719037056, 0.024724299428860348], [0.02217015000982597, 0.02217869859295912, 0.02192464378028632, 0.021781267925573233, 0.02207629887845379]], "4": [[0.023200728513797123, 0.023577138450741768, 0.023305817480882007, 0.0233658131202062, 0.023433936676383018], [0.02056231803168504, 0.021415817667358217, 0.02093485868372285, 0.020842285886311682, 0.021242390044581016]], "5": [[0.02239391642808914, 0.02278662645816803, 0.02246344374815623, 0.022593482527633508, 0.02263087906340758], [0.01999929292014422, 0.02043296147982914, 0.020167290581205782, 0.02028291535596497, 0.020347136051986164]], "6": [[0.021818683672944705, 0.02218144832154115, 0.021802879960338275, 0.02198026944746574, 0.022036505423486234], [0.019552326543976706, 0.020042026718965354, 0.019722159422291354, 0.02017094374309999, 0.019762358443734175]], "7": [[0.02140886394182841, 0.021674956720570723, 0.021351232437292735, 0.021642641385396323, 0.021611491987109183], [0.019404685984666166, 0.019457796392158958, 0.019244709900154856, 0.019748864380029825, 0.019412988927750924]], "8": [[0.021151410145064196, 0.021337851646045843, 0.02098334323912859, 0.02127060907284419, 0.02127798682153225], [0.01901602610267294, 0.019420088640750406, 0.018901657435102776, 0.01941520644548221, 0.019155806915376324]], "9": [[0.020910698115328946, 0.02100957816541195, 0.02064217537542184, 0.020981770060459773, 0.02105096075932185], [0.018819003166577305, 0.018951161294437635, 0.018684441039261347, 0.019103760247865614, 0.01883135146547716]], "10": [[0.020618518429497877, 0.020748063863317172, 0.020419326639175416, 0.02078549542228381, 0.02075603406727314], [0.01867542167107899, 0.018701819515528198, 0.018643355065474685, 0.01873951213071331, 0.018783542869118645]], "11": [[0.020427679250637692, 0.020493149969478448, 0.020203468772768976, 0.020535411878923576, 0.020539693620304268], [0.018548850475932462, 0.018775817036581117, 0.01826186985753405, 0.018750818669438934, 0.018910343425509075]], "12": [[0.020266913204391796, 0.02039229759524266, 0.019983615749080978, 0.020363264900942642, 0.020331975467999776], [0.018542885426253364, 0.018318980432356507, 0.017997566372537004, 0.01866259168202694, 0.018366329065455607]], "13": [[0.020131084072589876, 0.020180262793103854, 0.019830089678863683, 0.020265719020863375, 0.02028625843177239], [0.018291885217729086, 0.018111102696591483, 0.017839215609569328, 0.018360481603434103, 0.018280577658416744]], "14": [[0.020059467664361, 0.02005217383603255, 0.019730544390281043, 0.020046028051773707, 0.020126181761920454], [0.018272829611009112, 0.0181674558115891, 0.01783840605221427, 0.018072983577323797, 0.018083849252341463]], "15": [[0.01989071541527907, 0.019865635646879674, 0.019607529751956464, 0.019946423009037973, 0.019992440243065356], [0.018002855787857083, 0.01787702523219509, 0.017600157393362764, 0.01881419880666767, 0.01787181711270691]], "16": [[0.019784028644363086, 0.019689571697513262, 0.019415601748724778, 0.019874173081417878, 0.019876931744317212], [0.017860190606655214, 0.01778129711985207, 0.017616345225788723, 0.01817121425459084, 0.017870029669623977]], "17": [[0.01974858747025331, 0.01959885038783153, 0.01938998201787472, 0.019777441318333148, 0.019773927999536197], [0.017793115302801324, 0.017828504069925498, 0.017624094448507596, 0.018065771385551262, 0.017768910345130454]], "18": [[0.01967555806338787, 0.019477630036572616, 0.019276733019948006, 0.019653584385414917, 0.01965038610249758], [0.017776073033983906, 0.017444050677430135, 0.01736084133172378, 0.018113197946248535, 0.017812103824541212]], "19": [[0.019522825859487055, 0.019403825007875762, 0.01918186408430338, 0.019617142335077126, 0.0195698435947299], [0.017712755289416723, 0.01762453958201713, 0.017522829769256586, 0.017933413195914735, 0.017610803541069784]]}, "random_ticket": {"0": [[0.07185475787719091, 0.07265659550627072, 0.07187374279499054, 0.07385284775694212, 0.07207945799827575], [0.042320302785775914, 0.03986371745959448, 0.04007602847826938, 0.04077445544873754, 0.040527820212248794]], "1": [[0.03707388766507308, 0.035278113572796185, 0.03595554346442223, 0.03634659750858943, 0.03644249321420987], [0.030525000283893305, 0.02895235980804355, 0.029683546963543556, 0.030018845257667688, 0.030473486678049968]], "2": [[0.030391685139139493, 0.02898079934815566, 0.029967535401384037, 0.029734190449118614, 0.030171137631932896], [0.026645663768624345, 0.02537556601979862, 0.02609052106785698, 0.026153400088080203, 0.026450277618563976]], "3": [[0.027561513272921244, 0.02665770832995574, 0.02757180571357409, 0.02696808808942636, 0.02761796821852525], [0.02445007514315672, 0.02398305961165946, 0.02445429359404995, 0.023693646646488587, 0.02470064247711398]], "4": [[0.02604277937710285, 0.025351901815334955, 0.026202001716693242, 0.025414948600530625, 0.026147628356019657], [0.023398640639960958, 0.02282229098625267, 0.02384979232622031, 0.022678247161995107, 0.023439163621812583]], "5": [[0.024927702527244886, 0.024465715332825978, 0.025304024255275726, 0.024480274612704914, 0.025109823884566625], [0.022654195241749095, 0.021988609032080577, 0.022829463306707314, 0.022180423455925795, 0.022770474721400882]], "6": [[0.024229085660974186, 0.02387151660323143, 0.024690190988779066, 0.02396575115720431, 0.02444602926770846], [0.021865809056610345, 0.02164972489610457, 0.02223314340717305, 0.021764304566259583, 0.0221900789501568]], "7": [[0.023703886567552884, 0.023430614266792934, 0.024264568587144215, 0.023527159950137138, 0.023948512427012125], [0.021312045183377905, 0.02112312319750984, 0.02189798372836349, 0.021259488490300057, 0.02154096683707481]], "8": [[0.023313189417123795, 0.023078917905688286, 0.02382572644551595, 0.023188651963075003, 0.023506830243269602], [0.020926507130360452, 0.02119673396380374, 0.021593863293290518, 0.02108714782510893, 0.02130614796552224]], "9": [[0.022921984847386678, 0.022760585150122643, 0.023619279929995535, 0.022881033164262772, 0.023259116889039675], [0.020861824034168697, 0.020598284745463928, 0.021378824392113444, 0.020849516395086677, 0.021022022466737622]], "10": [[0.0227121391415596, 0.022503991199533144, 0.023312860181927682, 0.022677371352910994, 0.022968769933780036], [0.02055858413929852, 0.020301033251773053, 0.020981061061064656, 0.020412141344132134, 0.020639297043601165]], "11": [[0.02248429178396861, 0.022367421999573707, 0.023095199831326803, 0.02245895888507366, 0.022727115824818612], [0.020522617363034727, 0.020239512061182494, 0.020884754528966955, 0.02033295884383277, 0.02054582749264309]], "12": [[0.02233358680456877, 0.02220082735766967, 0.02289999166925748, 0.022269697672625384, 0.022589752528071404], [0.020114672051879546, 0.020359179879815434, 0.02066960229803198, 0.02016214040902476, 0.020419671283529017]], "13": [[0.022140583227574825, 0.02198947546184063, 0.022705485676725704, 0.022075627327958744, 0.022322438151637713], [0.020129517494394376, 0.019872137151967985, 0.020775611670062945, 0.01982777978118045, 0.02047883654638125]], "14": [[0.022005356446901957, 0.021884927509228387, 0.02258660073975722, 0.02199550456504027, 0.022278801041841507], [0.019811153670731253, 0.019951628101543308, 0.020376603996839385, 0.01989317321167967, 0.020532597433597134]],