{"original_ticket": {"0": [[0.041240177300572396, 0.04140024483303229, 0.04143577638367812], [0.030346450250084027, 0.03121968168920031, 0.03131323689803148]], "1": [[0.030638157918055853, 0.030758853430549304, 0.030645611425240835], [0.02677250122086118, 0.02690103694725151, 0.026530161672554457]], "2": [[0.028206602306167283, 0.02833096886575222, 0.02829987786312898], [0.02502477449326279, 0.025394748872556626, 0.025287245694821634]], "3": [[0.027071621129910153, 0.02716985221505165, 0.02712896182338397], [0.024526557310844382, 0.024420619754793163, 0.024213300268061625]], "4": [[0.026486543307701747, 0.02653225741883119, 0.026497827113668125], [0.024300981378450562, 0.024657521027916917, 0.023849512578342287]], "5": [[0.026195246403415997, 0.026071549475193023, 0.02617590299745401], [0.023518045780995783, 0.023625446150240044, 0.023789288833166083]], "6": [[0.025825506914655367, 0.02573889265457789, 0.025717208645741146], [0.023245846001675334, 0.023658458048257586, 0.023476054624151498]], "7": [[0.02560793639520804, 0.02547671373784542, 0.025504106907049816], [0.023230519062413958, 0.023408454417373045, 0.02315932782456136]], "8": [[0.025265441887577376, 0.025302386711041132, 0.025290301523605983], [0.02339654865142065, 0.023094664390285177, 0.022937560638490194]], "9": [[0.025162258274356523, 0.025058815530935922, 0.02511102109650771], [0.023393707724805837, 0.022799883894741343, 0.02283849764151124]], "10": [[0.02504576222995917, 0.024867150163650514, 0.024940040358901024], [0.022771014102969687, 0.022714991735431334, 0.02267938098920801]], "11": [[0.024876729450623195, 0.024751380255818366, 0.02477691232264042], [0.0229427754022062, 0.02262950855226943, 0.022498014433601034]], "12": [[0.024718399542570116, 0.024613999370733896, 0.024685625712076824], [0.02244800704117781, 0.02238272422680649, 0.022741727566661925]], "13": [[0.024633019505937895, 0.024556410575906434, 0.0245162893752257], [0.022563519652563924, 0.022668580170542286, 0.022527542238989576]], "14": [[0.024519782875974973, 0.024377276583512623, 0.024421948485573133], [0.022266986044927148, 0.022328588058249638, 0.02235187750797683]], "15": [[0.02446202729443709, 0.024342056341965995, 0.024382924501101175], [0.02217762780408509, 0.02219296443148162, 0.022119739809975076]], "16": [[0.02435366552770138, 0.02418773732384046, 0.024195735790332157], [0.02209837196734005, 0.021946628140612913, 0.02209910561744207]], "17": [[0.02427765765786171, 0.024086661337812742, 0.024148876256744067], [0.022145992150893228, 0.021917007506464997, 0.022715921790455097]], "18": [[0.024175555464625357, 0.024023660328984262, 0.02409207975665728], [0.02256578898515564, 0.021956903758806923, 0.022236580499254477]], "19": [[0.024124685045083364, 0.02394556634326776, 0.023954028111696245], [0.022138429805636406, 0.02188051541368611, 0.022005536459600582]]}, "random_ticket": {"0": [[0.04678300686875979, 0.044335657800237335, 0.045845365431904796], [0.03365049393960653, 0.03202432595764677, 0.03342499262013565]], "1": [[0.03310988310376803, 0.03155607123672962, 0.03278395293255647], [0.02926495104147413, 0.027539021201645985, 0.028186326537031334]], "2": [[0.029869519009192786, 0.028927524098753928, 0.029538810802499454], [0.026738854357228874, 0.026144337045927397, 0.026112950868166673]], "3": [[0.028284478385249775, 0.027640853654344877, 0.028044398551185925], [0.025420720822894916, 0.024973662367786843, 0.02506495515307108]], "4": [[0.0273641943415006, 0.02689034413397312, 0.02712707092364629], [0.025041472119169114, 0.02459619082986547, 0.024372114725529956]], "5": [[0.026756730699539183, 0.026330210994680723, 0.026675731353958447], [0.024390662463899617, 0.023930936135327853, 0.02427166752136363]], "6": [[0.026326285461584727, 0.02594398389160633, 0.02628404259085655], [0.024193769362502206, 0.024043612830793135, 0.02378743231748811]], "7": [[0.02586686935623487, 0.025660164376099904, 0.025927195005615553], [0.023652396899775954, 0.023255109751281648, 0.023821290772848617]], "8": [[0.025648922423521677, 0.025337332490086555, 0.025658277198672294], [0.023376381453186178, 0.02323239053281161, 0.02329127658337069]], "9": [[0.025343153366446495, 0.025139211897055307, 0.025413280312220256], [0.02345106714425948, 0.023428613760362798, 0.0229222669769019]], "10": [[0.025077962933977446, 0.024781883963942528, 0.02519700813293457], [0.02296905870588062, 0.02263580688748497, 0.023046530051210438]], "11": [[0.02500288783808549, 0.02456590683758259, 0.025004546134670576], [0.023005954564188996, 0.02240889333486081, 0.02273839735351622]], "12": [[0.024778802328308425, 0.024474017325043677, 0.02481203565100829], [0.022453707330428754, 0.023150909085052844, 0.02259602961829676]], "13": [[0.024572676133116086, 0.02434033200442791, 0.02478371922671795], [0.02235938929997313, 0.02214938530121177, 0.022637190547185583]], "14": [[0.02454449584186077, 0.024128223516543708, 0.024600440630316734], [0.02260243596312718, 0.021961530932365133, 0.022180427044344406]], "15": [[0.0244827885478735, 0.02405413795510928, 0.02447639743288358], [0.02248009905433312, 0.02246638122624673, 0.02221081426111273]], "16": [[0.024305384230613708, 0.023928272276123364, 0.024432391836245855], [0.022147180381626747, 0.02193043536890429, 0.022285714203985736]], "17": [[0.024264318108558655, 0.023848935892184574, 0.024295745596289636], [0.02203297190749036, 0.021939431117794003, 0.022260334443884155]], "18": [[0.02416911686460177, 0.02372726490497589, 0.024280356976389885], [0.022097468709412475, 0.021745066506603655, 0.022217331948086096]], "19": [[0.024078630288441975, 0.023619978320598603, 0.02412724883655707], [0.021987454620555947, 0.022115789499645606, 0.021996379178314925]]}}