{"original_ticket": {"0": [[0.03394606887996197, 0.033930323000748955, 0.03385968372821808], [0.026864683386473992, 0.026609580832929275, 0.026552691734351288]], "1": [[0.026889556422829627, 0.026920314500729244, 0.026930183140436808], [0.02319779882606226, 0.023709368168974457, 0.0234163445703233]], "2": [[0.024663793147603672, 0.02471231790781021, 0.024788941066463788], [0.021572793259645423, 0.021757077782774886, 0.02230783034199343]], "3": [[0.023647635088364285, 0.023640630398193994, 0.023566841286420823], [0.021016781167766917, 0.020790065040651222, 0.0208748221076049]], "4": [[0.02297874335249265, 0.022957550811767577, 0.022962033020456633], [0.020342255594393316, 0.020567466225177525, 0.020656976432274706]], "5": [[0.022496397496263185, 0.022488265639543533, 0.02239466054638227], [0.02040267403657063, 0.020146543987261983, 0.02008641209191503]], "6": [[0.02207510862847169, 0.022061301094293596, 0.022117949861784777], [0.019574132762825526, 0.019536407985769142, 0.01972287602591724]], "7": [[0.021783030544718106, 0.021817616220812002, 0.021778959691524505], [0.019458861593097544, 0.019529603912640876, 0.019656001744916836]], "8": [[0.02156710435052713, 0.02157117311457793, 0.021562408926089606], [0.019351909062066398, 0.019359576938370357, 0.019355148442994102]], "9": [[0.02142195668419202, 0.021356637539466223, 0.021360861101746557], [0.019253309598912638, 0.01931555467708328, 0.019078336754284157]], "10": [[0.021195165519913038, 0.021180762260158855, 0.02115845904846986], [0.019091179231390025, 0.01913176734333697, 0.019217810902994473]], "11": [[0.02105872508933147, 0.021035075076917806, 0.02101384825408459], [0.019026932907632937, 0.01892001871852734, 0.018827880569064197]], "12": [[0.020860487079620363, 0.02088443128069242, 0.020862857329845427], [0.01941648724015814, 0.018667388924608785, 0.01893536707225699]], "13": [[0.020710611567397914, 0.020795660904049874, 0.020716068416337174], [0.018601649562819317, 0.018577054160804796, 0.018642150154248024]], "14": [[0.02061776257256667, 0.020647467821339766, 0.020648130187392234], [0.018593352207670007, 0.018450439464265164, 0.018438437828621545]], "15": [[0.020535417424639067, 0.020584445366760094, 0.020539836409687998], [0.01845279971536356, 0.018398948445225865, 0.018387356374305656]], "16": [[0.020433867244919142, 0.020471319661041102, 0.020501605659226575], [0.018318261189487414, 0.018181552021457745, 0.01838445032949741]], "17": [[0.02033108985076348, 0.020431213589509327, 0.02037628608942032], [0.018251369582316556, 0.018261258906949632, 0.018312024065671256]], "18": [[0.02026242083112399, 0.020298297933737438, 0.020259956407547], [0.018149039428383588, 0.018375827478596007, 0.0181764097610554]], "19": [[0.02017943355788787, 0.020214971850812436, 0.02023990254700184], [0.01813577020915743, 0.018344490053935555, 0.018175670793785837]]}, "random_ticket": {"0": [[0.034372744083404544, 0.03446477217972278, 0.03481222125887871], [0.027175770816616356, 0.02728927640107493, 0.027394395553694367]], "1": [[0.02735938269197941, 0.02736093575656414, 0.027278926865259807], [0.023919311575234508, 0.023598826064850194, 0.02374128277261798]], "2": [[0.02527357594668865, 0.025160587376356125, 0.024959576016664504], [0.022326227569113524, 0.022802860318376614, 0.022057980751267636]], "3": [[0.024016042534510295, 0.024000215285023052, 0.023869519434372585], [0.021542262279996855, 0.02138914111347054, 0.021512442753433038]], "4": [[0.0233194574440519, 0.023222933180133503, 0.023046938346823056], [0.02079646736264419, 0.02069820327083238, 0.020996049219093763]], "5": [[0.022725646979610124, 0.02278525033692519, 0.022624765252073607], [0.020444127823264834, 0.02061057356766428, 0.02021891768640889]], "6": [[0.022237693271040915, 0.022346030339598654, 0.022317560133337976], [0.020141419904014933, 0.020128136631636956, 0.019897408006837765]], "7": [[0.02187606138487657, 0.021975487252076466, 0.02195106697231531], [0.019571042557160693, 0.01976753438052278, 0.020146451128747897]], "8": [[0.021605956354240577, 0.02179835971345504, 0.02176249166826407], [0.02007179444852157, 0.01982174304346688, 0.019913874307689004]], "9": [[0.021314051023622355, 0.021526951986551284, 0.021520381926496825], [0.019292034872304707, 0.019325992708412794, 0.019222997036723855]], "10": [[0.02111792823870977, 0.0213801722869277, 0.021356310873230297], [0.01889940013531774, 0.019210656744817766, 0.019232182165447136]], "11": [[0.02097588496307532, 0.02127025268127521, 0.021145067441960177], [0.018962317423079723, 0.018994982818516488, 0.019044951157876477]], "12": [[0.02076361053387324, 0.021050691999991735, 0.02100097663452228], [0.018876803530076633, 0.018928310774361936, 0.01909182569125114]], "13": [[0.02070279893577099, 0.020943696833153565, 0.0209388100673755], [0.018803731630594966, 0.018817650210766937, 0.018935471056058955]], "14": [[0.020505756357312204, 0.020735457740724085, 0.020820266482234], [0.018592562511587106, 0.018514100084313378, 0.018862365994947596]], "15": [[0.02043035392363866, 0.020658181788027287, 0.02069990557382504], [0.018507818105264594, 0.018601191634782396, 0.0191521880844721]], "16": [[0.020254686171313128, 0.020588039682805537, 0.020576412883897624], [0.01828249322827727, 0.018557719184091676, 0.01882879320567789]], "17": [[0.020257542323072752, 0.02046205558081468, 0.0204637054870526], [0.01856681218924233, 0.01846535194415254, 0.01836265405467429]], "18": [[0.020124010787904264, 0.02041928341537714, 0.020401008241871993], [0.01835417002141952, 0.018361890423721588, 0.018436748873644743]], "19": [[0.020022469836473464, 0.0203678223580122, 0.020342803157866], [0.017977134610255494, 0.018547819644664995, 0.01831607815747063]]}}