{"original_ticket": {"0": [[0.06990132744908333, 0.07414508459071319, 0.07139203216433525], [0.03848107187702252, 0.03940837318524004, 0.038265749377707325]], "1": [[0.03410436783234278, 0.03418579885264238, 0.03400579270223777], [0.02816974585310529, 0.027837584366480383, 0.027848004449765904]], "2": [[0.02776882688999176, 0.027777895478407543, 0.027638369443019232], [0.024238685758921286, 0.024152959890354174, 0.02400708969789572]], "3": [[0.025249021928509075, 0.02520721979836623, 0.025203169135252633], [0.02283513689407716, 0.022189637241414942, 0.022600451264137657]], "4": [[0.02394479985932509, 0.02381276637415091, 0.023945084367195765], [0.0221900659592483, 0.021359522169390424, 0.021574115291380654]], "5": [[0.02314052466750145, 0.022918169098099073, 0.023082598061362904], [0.020843575479456793, 0.02103457336846632, 0.02065721876657428]], "6": [[0.022468726536631584, 0.02222048445045948, 0.022435767898956935], [0.02012699277113421, 0.020027939108209297, 0.020118235256344364]], "7": [[0.022024527675410112, 0.021765273240705332, 0.021839722081025442], [0.01986853495394936, 0.01974438445065349, 0.019766176955554243]], "8": [[0.021624979418516158, 0.021278341361880303, 0.021507832471032936], [0.019531939993984403, 0.019259652944085316, 0.0193891420264166]], "9": [[0.021344434379041193, 0.02096417903006077, 0.02119907542069753], [0.01927688583648338, 0.018944756273692027, 0.019077143453347226]], "10": [[0.021088357391953468, 0.02076608341584603, 0.020843863407770793], [0.018987196979645533, 0.018876190806111207, 0.01863657919684062]], "11": [[0.020719677411516507, 0.02049424100667238, 0.020678347191711268], [0.018737843054861498, 0.018415881889149215, 0.018844412913480504]], "12": [[0.02057454750984907, 0.020357162503401437, 0.020439975589017074], [0.018551806217065443, 0.018251595509866367, 0.01851530294841566]], "13": [[0.020403208151956398, 0.02022928359558185, 0.020256467546025912], [0.01842136221071973, 0.018166735399359712, 0.01817610638198285]], "14": [[0.020229597958922388, 0.02003245416432619, 0.020136106578509012], [0.018329138492647643, 0.018089712237397703, 0.01822964235926017]], "15": [[0.020013286089897157, 0.019892074513435363, 0.020013945738474526], [0.017992274829754813, 0.017773542588892074, 0.01831290541222682]], "16": [[0.019927064462502798, 0.019777236907184123, 0.019887364654739698], [0.017870773091174352, 0.017699757198127695, 0.01783524188823022]], "17": [[0.01979576399375995, 0.019659584043423335, 0.019737905418872832], [0.01808067607565429, 0.01776937828860439, 0.01768858896824308]], "18": [[0.01968725431362788, 0.019593861047923565, 0.019709459961454075], [0.01777195190778746, 0.017662677086723116, 0.017587459107605032]], "19": [[0.019665410404404005, 0.01945640574047963, 0.01956006827503443], [0.017727105961606714, 0.017610334743635533, 0.017582821710326803]]}, "utterly_random": {"0": [[0.07355058057705562, 0.07170276991029581, 0.08753221262097359], [0.03903457564048874, 0.038298131243441814, 0.04421197474240876]], "1": [[0.034284729776779814, 0.03381999919911226, 0.0352881683041652], [0.02799894924338062, 0.027607570696895876, 0.027209828920162524]], "2": [[0.027525172036886217, 0.027505046637852987, 0.027087927613655725], [0.023680301299824503, 0.023889517483000937, 0.02331646461004076]], "3": [[0.0249933385292689, 0.024999992468953132, 0.024781498060623804], [0.022368265720554434, 0.02238241731287382, 0.021926707989824847]], "4": [[0.02367975787917773, 0.023818178485830625, 0.023580090127388636], [0.021122575059128457, 0.021626491444750717, 0.020990523435294436]], "5": [[0.02283041714032491, 0.022991225059827168, 0.022793015056848526], [0.02060762373879314, 0.02078796839252257, 0.02057461378375848]], "6": [[0.022200757951537767, 0.022314689220984778, 0.022264104334513347], [0.020354915201997222, 0.02015259232633887, 0.02047550030790579]], "7": [[0.021729044162730377, 0.021879725777109463, 0.02177612112313509], [0.01967692965516648, 0.019796826495839574, 0.019666039343244922]], "8": [[0.021378280995289486, 0.021493751367926597, 0.02152210066616535], [0.019418339170634555, 0.01972474902868271, 0.019221541805032154]], "9": [[0.021069348947703837, 0.02126474174360434, 0.02124275427609682], [0.019129241429888214, 0.01913626339679328, 0.01912068972251]], "10": [[0.020805946697791417, 0.020942222309609255, 0.020981095075110593], [0.01882168217100941, 0.018808298235455642, 0.01888982452952062]], "11": [[0.02066036228487889, 0.020796931851903597, 0.020815986755490304], [0.018768779350260195, 0.018789223805903057, 0.018889691421803766]], "12": [[0.02047932995756467, 0.020616725740830105, 0.020609354254603387], [0.01873784835715168, 0.018646976083350447, 0.01883385078416179]], "13": [[0.020274221101899942, 0.02044032154083252, 0.020507015607257685], [0.01840566707769046, 0.018427278617391, 0.0184286758749963]], "14": [[0.02018306677589814, 0.020267962589363257, 0.02033895943214496], [0.018254435103469954, 0.01856721539538318, 0.01881994858098487]], "15": [[0.020028257337212564, 0.020171410711606344, 0.020241505936781565], [0.01831415806489345, 0.018333950478690693, 0.018416105216136947]], "16": [[0.019980469618240994, 0.020056096482276915, 0.02013085844020049], [0.018193026659444878, 0.01811779406481086, 0.018126616090797958]], "17": [[0.019817536478241284, 0.01995333416114251, 0.020017780782282352], [0.01794374430665193, 0.018061264174076885, 0.017932461741300056]], "18": [[0.019718942840894062, 0.019837719762325286, 0.019929282959798972], [0.017868730144355055, 0.018124229307420338, 0.018131728239428883]], "19": [[0.019658278062442937, 0.01979048423965772, 0.019832995328803858], [0.017951915165582023, 0.01806470966293884, 0.017842059529508455]]}}