{"original_ticket": {"0": [[0.06947262759506702, 0.06865265642901261, 0.06866126964489619], [0.03827392312284476, 0.03776168918457275, 0.038215382929189134]], "1": [[0.034244350361824036, 0.03404352372288704, 0.03425882422029972], [0.02818753331685409, 0.027908851008731337, 0.028545501055761268]], "2": [[0.028146971680720646, 0.028245988342165948, 0.028569040414690973], [0.024567530249444823, 0.024679522955427153, 0.025253242006697974]], "3": [[0.025916231087843578, 0.025868502513567607, 0.02626368867655595], [0.023803408129717978, 0.02347372216990771, 0.023396596038779513]], "4": [[0.024586108812689782, 0.024621286042531332, 0.024908297671874365], [0.02204970807765429, 0.022472698360491105, 0.022372400995117787]], "5": [[0.023777621785799664, 0.023734114307165145, 0.02404952618777752], [0.021386521282239845, 0.021730825769158597, 0.021578498625050718]], "6": [[0.023102661447723705, 0.023067130867640177, 0.023334169679880144], [0.020722695284139236, 0.021165116776387913, 0.021069457564062585]], "7": [[0.022633487090468408, 0.02246735273003578, 0.02269842846492926], [0.020820782272912824, 0.020222491623399355, 0.02058410197615433]], "8": [[0.02218458972275257, 0.02208167495429516, 0.022283086203535397], [0.02016041395120537, 0.019985153372533405, 0.02020411020495926]], "9": [[0.021872510627905527, 0.021728609468539557, 0.0219369838287433], [0.019683916002702407, 0.019770270731216802, 0.01997491060056911]], "10": [[0.021623773752649626, 0.021482394630213578, 0.021601691556970278], [0.019394903896025384, 0.019636788351919513, 0.0195436046277277]], "11": [[0.02138130760739247, 0.02122343421926101, 0.021344322451452413], [0.01919837272800386, 0.01951802552293855, 0.01940704736049278]], "12": [[0.021163613381485143, 0.02097959034045537, 0.0211825458591183], [0.018902184536900762, 0.019207764291963258, 0.019424156413767664]], "13": [[0.020949181623756887, 0.020837831970552605, 0.021023071882128715], [0.019046839094533325, 0.01907179065750906, 0.01906713259855684]], "14": [[0.020857915086050827, 0.020748415588835875, 0.02080531904200713], [0.018895148716200464, 0.018761055499386673, 0.018794084161210554]], "15": [[0.020712656458218893, 0.020612288429339726, 0.020704494927326837], [0.01849995832592725, 0.0186117294425972, 0.018612350590122395]], "16": [[0.02061055153707663, 0.020500649311145147, 0.0205763462677598], [0.018394238247086827, 0.018759684241451205, 0.01854337206759011]], "17": [[0.020568714202940465, 0.020377998631199202, 0.020459558925032616], [0.01835957464699547, 0.01836358972143727, 0.018505925794664663]], "18": [[0.020398700679838656, 0.020332929909229278, 0.020393373108406863], [0.01836955758293692, 0.0183496596946265, 0.01842118409007026]], "19": [[0.020324285291632018, 0.020229570810496807, 0.020292024979988735], [0.01832936974926688, 0.018269488855767936, 0.018463840723013915]]}, "utterly_random": {"0": [[0.08848643564383189, 0.08176812159816424, 0.07098424680829048], [0.04554635779069255, 0.04231032063833441, 0.03880538277256603]], "1": [[0.03661231497724851, 0.03578450476725896, 0.03471077329814434], [0.028995428103418014, 0.028508804077966906, 0.028650184760030846]], "2": [[0.02827350513637066, 0.028062296705444655, 0.028454405296842258], [0.02454113917419324, 0.02431534659772064, 0.02501297785570256]], "3": [[0.025773621835311254, 0.02530050590236982, 0.025968147592743237], [0.02305169311313393, 0.022399702862190743, 0.02317261653015027]], "4": [[0.024420642829934756, 0.02401408727367719, 0.02463715869386991], [0.02179380555669911, 0.02151495621750911, 0.021979427262664605]], "5": [[0.02369942675034205, 0.023303015967210135, 0.02371043742100398], [0.021280282162153684, 0.021401878285665102, 0.02143610918079131]], "6": [[0.023116749101877214, 0.022783361860116324, 0.023040838270386062], [0.02081210137056276, 0.020547826170397642, 0.020682779036628934]], "7": [[0.022761331270635128, 0.022480016831556957, 0.022689876749118168], [0.020559279111246713, 0.020126213295795857, 0.020501772941539462]], "8": [[0.02242673174738884, 0.022162502035001915, 0.022272027986248333], [0.02050833838483015, 0.020259587067408494, 0.020206024159138768]], "9": [[0.02217841576685508, 0.021953177882234255, 0.021921372575561204], [0.020104276432920568, 0.01983441654652262, 0.019836020438720625]], "10": [[0.021890619679292043, 0.02173007481098175, 0.021638168361783026], [0.019927184981183885, 0.019929653375793378, 0.019690024559371196]], "11": [[0.021747444186607998, 0.021594740221401055, 0.0214766345034043], [0.019854564469652815, 0.019357786695368754, 0.01934936531364156]], "12": [[0.021560201555490495, 0.02144209609578053, 0.02125106765727202], [0.019503400961573894, 0.019266199061688714, 0.01929169080365961]], "13": [[0.021454782095551492, 0.021227433466911316, 0.021101339681446552], [0.019439062407127203, 0.019176824018359184, 0.019250487236264414]], "14": [[0.0213029678662618, 0.021028456244866052, 0.020939602395892144], [0.01932673146144841, 0.01935983650957624, 0.019188043578102377]], "15": [[0.0211529740596811, 0.020982913173238436, 0.020795282977819442], [0.019153704658483924, 0.019271840403874082, 0.01894024682763857]], "16": [[0.02104526922106743, 0.020911001775662106, 0.020699658076961835], [0.019167603297046008, 0.01902546168873295, 0.018905610979769748]], "17": [[0.020941170567770798, 0.0208209818944335, 0.020579547929763794], [0.019010385465674316, 0.01878206919247921, 0.01890829506928262]], "18": [[0.020887862878044446, 0.02074921683569749, 0.020452949485679467], [0.019301869730932262, 0.01868102317170118, 0.018827551800293472]], "19": [[0.020843196174502372, 0.020668242680529754, 0.020415892445047698], [0.019094085904022756, 0.018793171780487408, 0.01851236252798535]]}}