{"original_ticket": {"0": [[0.0956130125840505, 0.09472096338669458, 0.09480403353174527], [0.05331585578882275, 0.05046830577448534, 0.05239701567414089]], "1": [[0.043529479871193565, 0.0434088565458854, 0.04377441023190816], [0.03409859573783966, 0.034523754609754674, 0.03437805653046876]], "2": [[0.033200621473789216, 0.03373112140397231, 0.03374998359978199], [0.02875194438515951, 0.028874547301104274, 0.029436397410857792]], "3": [[0.029622797838846842, 0.030305675129095714, 0.030581939204533896], [0.026355116583478336, 0.02700336685124487, 0.02731315613078614]], "4": [[0.02806302363872528, 0.028763595822453497, 0.02873886602918307], [0.025734864865629058, 0.027438624288898688, 0.02583245171930272]], "5": [[0.02732354005177816, 0.027930869059761367, 0.02778357415497303], [0.025013306764320443, 0.025311179744740262, 0.025363073800318537]], "6": [[0.026785501673817633, 0.027257662324110667, 0.027126504628856976], [0.024742976842692103, 0.024646831075318704, 0.024650209824355264]], "7": [[0.026220298406481744, 0.02689283025066058, 0.026771518593033155], [0.023803236980598195, 0.02465143117803735, 0.02419333757993322]], "8": [[0.02599530219733715, 0.026525163185596466, 0.026317038883765537], [0.023729284981283516, 0.024020732728579935, 0.023989213255647655]], "9": [[0.025820079295833905, 0.026229454397161803, 0.026058073340853055], [0.023250259994603575, 0.023680204644608804, 0.02373104317548176]], "10": [[0.02553263250589371, 0.026034315954645476, 0.02583105404873689], [0.023441253914334142, 0.02347449963680281, 0.023480447038960534]], "11": [[0.025432864579558373, 0.025873350141445796, 0.0257019965082407], [0.023022696548424208, 0.02348477436830632, 0.02372018352579385]], "12": [[0.025287645447254183, 0.025662490803003313, 0.025516646859049797], [0.022789595142816203, 0.023499617603021307, 0.02328693679275033]], "13": [[0.025124654982487362, 0.025490801538030305, 0.025328619903326036], [0.022730699291054052, 0.023138866536676312, 0.02291664325248319]], "14": [[0.025002700394392015, 0.0253757384677728, 0.02526892958978812], [0.022911315795760185, 0.022893036831729708, 0.023005928683538027]], "15": [[0.024916653058926264, 0.025160503152012827, 0.025188821468750636], [0.022462984987388784, 0.02338141225540219, 0.023262245015214428]], "16": [[0.024753608752290407, 0.02519217193822066, 0.025047480750083922], [0.022980093462065386, 0.022846905413431862, 0.022639046902188098]], "17": [[0.02468538406689962, 0.025101358633240065, 0.024911079349120457], [0.022612835973882067, 0.022681534397430696, 0.02283725756021163]], "18": [[0.024622941331068675, 0.02500212209224701, 0.024859410028656322], [0.02250102292686796, 0.023482737669977136, 0.023038459245484477]], "19": [[0.024416655586163204, 0.024917011777559915, 0.02478141960501671], [0.022510148525333253, 0.02266941493311629, 0.02252733052824252]]}, "utterly_random": {"0": [[0.1044856107711792, 0.12144348305861155, 0.10255598324537277], [0.060171546456151116, 0.06879280179072493, 0.05070766016317252]], "1": [[0.048197486650943755, 0.05363375828663508, 0.04327749999662241], [0.03771149615843456, 0.04112018755497262, 0.035312523250096144]], "2": [[0.03550650481581688, 0.037908186945319174, 0.034178064333399136], [0.030422338466055857, 0.03251568906413861, 0.0300929682335248]], "3": [[0.030586199072996777, 0.03213064725697041, 0.030761028363307318], [0.02794011264515761, 0.028606783896208573, 0.027905731821974245]], "4": [[0.02852161371211211, 0.029643979476888974, 0.029095234827200573], [0.02587001508298202, 0.027073528212956346, 0.026424882808527627]], "5": [[0.02741902816692988, 0.028377702994147935, 0.02813428380390008], [0.024608858381978238, 0.02580562128593175, 0.025828118302142277]], "6": [[0.026684212732315065, 0.02762919905781746, 0.027365470113356907], [0.025102030051449616, 0.025348721726681477, 0.02505430537528885]], "7": [[0.02622707242369652, 0.027030661236246426, 0.026772151509920756], [0.023743080397764335, 0.024619018831572973, 0.0244826757179472]], "8": [[0.02595276877383391, 0.026569835624098776, 0.026343176426490148], [0.023509077739696533, 0.02430291698811153, 0.024151005422154936]], "9": [[0.025648912991086643, 0.02623084354797999, 0.025941597251097362], [0.022997841655541532, 0.024138914617581872, 0.02361598557319504]], "10": [[0.025334911142786343, 0.025977927711606025, 0.02562387037873268], [0.023000114237348112, 0.023809434768681328, 0.023531561693587243]], "11": [[0.02528715106745561, 0.025712612302104632, 0.025330497403939566], [0.022778553656114937, 0.02371799773849047, 0.02310461869326453]], "12": [[0.025126667299866675, 0.025443451380729676, 0.02515043135881424], [0.022871834086105467, 0.02379786767684423, 0.02285455913541797]], "13": [[0.024881910694638888, 0.025272028371691704, 0.024925037001570064], [0.022728739633632544, 0.02329956582440926, 0.02269553166394607]], "14": [[0.02479604770640532, 0.025037378361821176, 0.02480432258049647], [0.023140111140692577, 0.022990438408744984, 0.022622734897386153]], "15": [[0.024675849295655885, 0.024875580816467603, 0.024719737908244135], [0.022303762551123343, 0.023381157507435583, 0.0224194893369469]], "16": [[0.024630516932408014, 0.024748020018140474, 0.0245476138929526], [0.022077167519746116, 0.022725032130702615, 0.02251835691090971]], "17": [[0.024438259457548458, 0.024691154522697132, 0.024394925387700397], [0.022265616548470795, 0.022913128720780912, 0.022274345492783447]], "18": [[0.02430964068969091, 0.024549938303232193, 0.024369103312492372], [0.022200733107833055, 0.0226761998650365, 0.02223292363289827]], "19": [[0.02429311236043771, 0.024436399229367575, 0.024236823357144992], [0.02217702723492068, 0.023017455148287475, 0.02222764221267007]]}}