{"original_ticket": {"0": [[0.07378142482439677, 0.07382029021779696, 0.0723665952483813], [0.040188842354871974, 0.04028370844337125, 0.03984964699052965]], "1": [[0.035736354007323584, 0.035655681972702344, 0.035388803113500275], [0.029567277243438238, 0.029378400246699018, 0.029434785621758466]], "2": [[0.029439685825506847, 0.02947091738184293, 0.02945762915313244], [0.025779250723580584, 0.025937819615387308, 0.02617877448638217]], "3": [[0.026980689451098442, 0.027067795776327452, 0.027211157395442328], [0.02391034381958052, 0.024221878022717212, 0.024379232523445125]], "4": [[0.025615556421875952, 0.025790011752645173, 0.025890771187345188], [0.02378884557122811, 0.023283887636690093, 0.023296060296483696]], "5": [[0.02471365158557892, 0.0248478456646204, 0.025005915261308354], [0.022160030883579207, 0.022471773851746188, 0.022390324187973817]], "6": [[0.024084146875143052, 0.024339993373552957, 0.024343688609202704], [0.021598519162295726, 0.022470293316644983, 0.021937449751332546]], "7": [[0.023645985838770867, 0.023833632175127666, 0.023895838703711827], [0.021304748976192535, 0.021604956172335262, 0.021726451350001102]], "8": [[0.023244456467032434, 0.023483790917197864, 0.023471814332405725], [0.02086387218211215, 0.021842264132901502, 0.021135071884638396]], "9": [[0.022963017868995666, 0.023193752922614417, 0.02316035128434499], [0.02077558409934417, 0.021084384647564004, 0.021005948945975152]], "10": [[0.02274137335518996, 0.022998719653487206, 0.022911111373702685], [0.020495654229586498, 0.020958423531188753, 0.021065109733718272]], "11": [[0.0225211162596941, 0.022833723829189936, 0.022722228768467904], [0.020257117063068923, 0.020562829235538888, 0.0206202816503783]], "12": [[0.02233622013926506, 0.022580829146504403, 0.02258561486999194], [0.02009860094719992, 0.020401369274471896, 0.020467228303773524]], "13": [[0.02221752520898978, 0.022463060981035232, 0.022372902178764344], [0.019991258028359077, 0.020617024806408455, 0.020277531159976228]], "14": [[0.022090632697443168, 0.022364224601785342, 0.022243282193938892], [0.02023332858809267, 0.020344505300775122, 0.020399701742889784]], "15": [[0.021916550597548486, 0.022249441400170326, 0.022132409022251765], [0.01989300416621823, 0.0201219270130792, 0.02000942132391107]], "16": [[0.021809241306285063, 0.022117233409484228, 0.022002750565608343], [0.020259948203358025, 0.020100625309224327, 0.020093339361464634]], "17": [[0.021698065882424514, 0.021984701388080913, 0.021887467272082965], [0.019465196365936875, 0.019808962310369785, 0.019873870703311394]], "18": [[0.02160880193710327, 0.021998753616213798, 0.02182451451222102], [0.01971195024340012, 0.019867344726674473, 0.019707978732836324]], "19": [[0.021462840343018375, 0.021878124820192656, 0.021723146423200765], [0.019404694551048568, 0.01973757149276737, 0.019773269530397635]]}, "utterly_random": {"0": [[0.09618573891917864, 0.07038295514980952, 0.08162421491742135], [0.04993203637032463, 0.039283006782301316, 0.04383883924006273]], "1": [[0.04087446385820707, 0.035881907962759335, 0.03788441223502159], [0.03179648992257377, 0.029885837653526863, 0.030663537813689763]], "2": [[0.030875442374746005, 0.029620539381106696, 0.030371814475456872], [0.026983897948560244, 0.02563858530320489, 0.026377391099882203]], "3": [[0.02748143602013588, 0.0268187585691611, 0.027584502286712328], [0.024567199228242183, 0.0237539994557159, 0.024340982760150974]], "4": [[0.025859487094481787, 0.02533765622675419, 0.026128278639912607], [0.023143201298749867, 0.022811489411817192, 0.02315740869901241]], "5": [[0.024957342676321666, 0.02437714311381181, 0.025121962454915048], [0.0222727552639505, 0.02201972441218151, 0.02250418067573549]], "6": [[0.024407360678911208, 0.023793769045670828, 0.024398828593889872], [0.02200832587782853, 0.02173251191529032, 0.02194331281077557]], "7": [[0.02401738512913386, 0.023331920539339385, 0.02399617387751738], [0.021666343862446733, 0.021037139635259352, 0.021554735634987728]], "8": [[0.023675907963514327, 0.023050995181997616, 0.02355124981502692], [0.021647648314555613, 0.020995261468969215, 0.021443316415428352]], "9": [[0.02333951899309953, 0.022659395604332288, 0.02328070764640967], [0.02117267815164103, 0.02058568514716892, 0.02125508827380479]], "10": [[0.023132583224773406, 0.02243142342468103, 0.023042005309462547], [0.02088731382720577, 0.020732011009281435, 0.02088627721459721]], "11": [[0.022956051419178645, 0.022341150669256845, 0.02281209968626499], [0.020912741260311472, 0.020266280506556027, 0.020690570142084416]], "12": [[0.022739845638473827, 0.022157018152872722, 0.022654120012621085], [0.02078794285107535, 0.020802315253133592, 0.020618056985564508]], "13": [[0.022651713691155116, 0.022034861741463345, 0.022466079331437745], [0.020270440861368522, 0.020234493056710916, 0.02037067475100866]], "14": [[0.022455410638451575, 0.02193817669004202, 0.022381644702951113], [0.020386804844410467, 0.020109841704201964, 0.020227429668267315]], "15": [[0.022361780755718548, 0.021846012037495772, 0.022256890138983725], [0.020140184607273473, 0.020127161081654195, 0.020387074791085414]], "16": [[0.022209930417935054, 0.02174610153635343, 0.022157585120697817], [0.020206303329775317, 0.019849726582130495, 0.02024759522404153]], "17": [[0.022171498622993627, 0.02170752360969782, 0.022081217352549237], [0.02001923177474604, 0.019810523921117994, 0.020039157980618574]], "18": [[0.022055059374372164, 0.02156188216706117, 0.021932450932264327], [0.01978440156367164, 0.019801864465966393, 0.02006857704145078]], "19": [[0.021892117336392403, 0.021495235271255176, 0.021896798269450665], [0.01971617118773845, 0.01972763719685828, 0.02005318416871678]]}}